id_faeces,ph,water_content,ecoli_conc_1,ecoli_conc_2,ecoli_conc_3,ecoli_conc_mean,ecoli_conc_sd
1,NA,81,1920,1543.4782608695652,2000,1821.159420289855,243.78293566766996
2,NA,77,8257575.757575757,6304347.826086957,7246376.811594203,7269433.465085639,976818.0716180839
3,NA,84,13749999.999999998,12733333.333333334,13513513.513513513,13332282.282282282,532011.604345213
4,NA,87,4253731.343283582,4210526.315789474,5368421.052631579,4610892.903901545,656394.1961115716
5,NA,80,46666666.666666664,57142857.14285715,46666666.666666664,50158730.15873016,6048431.39151037
6,NA,69.7,265573770.4918033,276562500,245652173.91304347,262596148.1349489,15668814.277906468
7,NA,70.5,15068493.150684932,13291139.240506329,26315789.473684214,18225140.62162516,7062839.079718593
8,NA,79,43069306.93069307,28888888.888888888,49065420.56074766,40341205.460109875,10361226.31746497
